source_id,source_type,location,sentiment_score,pos_score,neg_score,neu_score,category,month,date,text
1hfmar1,post,PUNGGOL,0.9085,0.161,0.11,0.729,amenities,2024-12,2024-12-17 00:00:04,"Punggol Park at Midnight is a gay meetup spot? Welp, this is quite a random experience for me

I just had a fight with my wife and decided to walk alone to Punggol Park after she's asleep, it's around midnight

I'm not even sure what I'm looking for but walking is always making me feel a bit better...."
14r29cx,post,BEDOK,-0.9927,0.057,0.164,0.778,amenities,2023-07,2023-07-05 14:28:26,"Most effort you've made to impress your date When i was in secondary school i went to watch a movie at the princess cinema at bedok interchange (yah i old lah) with a girl i had a big crush on. Step hero, asked if I could hold her hand and she said ok. scoreeee. 5 minutes later i felt the urge to sh..."
iwivs5m,comment,YISHUN,-0.765,0.065,0.156,0.779,general,2022-11,2022-11-16 07:25:57,"NTA. I once watched a special needs teen trying to grab a baby from a stranger carrying her child. I think the baby was abput 8 months old. It was literally chaotic as everyone was screaming and after that the guardians of the special needs child was apolologising multiple times. 


Just becareful t..."
mb17csc,comment,GEYLANG,-0.9903,0.076,0.163,0.761,amenities,2025-02,2025-02-05 09:57:12,"Matched with a girl and we spontaneously decided to go eat supper that night. She drives, and so she said she'd pick me up from a mall and we'd have BKT at geylang

I board her car; she swerves out to the main road. Need to U-turn, but she cant make it before the traffic light turns red. She immedia..."
s87acm,post,CLEMENTI,0.9386,0.216,0.0,0.784,general,2022-01,2022-01-20 10:08:49,"So many posts about people trying to find friends, so letâ€™s give this a shot. How about everyone lists their interests and hobbies below, so everyone can find like minded people can maybe connect! 

Iâ€™ll start: 
I enjoy Cycling (hope to try rti with someone!), gardening, tennis, Table Tennis, casual..."
lytibg3,comment,PASIR RIS,0.6757,0.139,0.026,0.834,general,2024-11,2024-11-25 07:12:00,"My male friends (not boyfriends) used to send me home provided they stay a few stops away from me. 

Boyfriends as well,  but have to be practical sometimes. Like if he stays pasir ris and you jurong, cannot expect that to happen every time u go out."
1gx82he,post,SERANGOON,-0.8791,0.097,0.127,0.776,convenience,2024-11,2024-11-22 21:39:48,"Why is my family lowkey racist  My mom bought sandalwood today as our old friend used to gift it to her frequently. It was pretty nice and since the bathroom smells like pee a ton I went and burned it. My uncle came out, said it smelled like stinky Indian smell, â€œå¾ˆè‡­.â€œ like bro wtf. Then my mom went ..."
1gtu9uw,post,BEDOK,0.9965,0.19,0.006,0.804,convenience,2024-11,2024-11-18 10:18:37,"Is Singapore's rich poor gap widening rapidly? Do you see it in your industry / peers?  From my very narrow perspective, I see 99% of Emerald at Katong sold out at $2630 psf. They anticipate to flip it off at $3000+psf in a number of years.

I see a lot more super cars and the base car model now (no..."
1cw23tw,post,QUEENSTOWN,0.9205,0.125,0.059,0.816,convenience,2024-05,2024-05-20 07:57:43,"Cold morning commute today Around this time 10 years ago, i was busy sleeping in during the school holidays. Today, I had to drag myself out of bed to go to work. I saw NSFs booking in. The bus and MRT crowded with people going to work or their CCAs. Generally a normal morning.

I tried opting for a..."
kcruzvf,comment,CLEMENTI,0.2682,0.109,0.086,0.805,convenience,2023-12,2023-12-10 23:22:26,36F. Iâ€™m the positive one here that I do like my job. Itâ€™s just that Iâ€™m not a morning person and am pretty much like a zombie in the morning. So I am half asleep on public transport. The reason I look at my phone is because I have to decide whether I want to get off at Clementi to take bus or go to...
mavw8ir,comment,BISHAN,-0.4678,0.058,0.083,0.858,general,2025-02,2025-02-04 15:08:56,"Bishan gay. We knew it was gross, made lots of jokes about it but didnâ€™t know the full extent of what it meant when we were teenagers.

Same for teachers who hit on their students.

For something non sexual, sec sch uniform group CCA alumni who are grown ass men in uni or older, coming back and gett..."
rrxmu9,post,WOODLANDS,0.9785,0.134,0.064,0.802,convenience,2021-12,2021-12-30 17:24:08,"TIFU by hobo-ing so well a Malay man came and gave me money? Basically, I was sent to woodlands by my dad to deliver a parcel, so I went there with 0 grooming. I was wearing checkered pyjamas, had extremely messy curly hair and worn out slippers and a drawstring bag. After I delivered the parcel, I ..."
1hik392,post,JURONG WEST,-0.8698,0.021,0.09,0.889,convenience,2024-12,2024-12-20 21:45:13,"Did I just bump into a China Scam? Was walking to a bus stop here @ my neighborhood in Jurong West when 2 well-dressed China ladies approached me. Asked me which country I was from (took me aback) and told me they were from Taiwan (but their accent clearly sounded China Chinese).

Told me me they we..."
14rwjcj,post,SENGKANG,-0.8994,0.071,0.1,0.829,convenience,2023-07,2023-07-06 11:27:41,"Scary encounter with pregnant lady in Sengkang LRT, what to do in this situation? 
Hello everyone. So some context : I have a 7 years old sister and because my mom is working (single mom), I usually have to fetch her after her school ends at 1-2pm. We would take the LRT west line home from Sengkang ..."
15034k3,post,PASIR RIS,0.5913,0.055,0.019,0.927,convenience,2023-07,2023-07-15 13:32:39,"Is it still worth it to own a car in Singapore? My mum has been bugging me to purchase a car recently. She kept mentioning that her friends sons are driving BMW, Merc and she feels that owning a car shows that you have the status. Also she argued that there will be times when we truly need a vehicle..."
1hnfojb,post,PASIR RIS,0.3818,0.074,0.037,0.889,general,2024-12,2024-12-27 22:11:25,"Sexually harassed in the toilet As the title says, I was using the urinal in the
Pasir Ris White Sands level 1 toilet. When I was
about to finish (shaking the last drops), the dude
beside me suddenly reached his hand over and
tried to grab it. When I left the toilet, he tried to follow me back home,..."
1ej0v0p,post,PUNGGOL,-0.9787,0.068,0.131,0.801,convenience,2024-08,2024-08-03 19:14:25,Assaulted in MRT Today I exited the MRT in Punggol and took the escalator. I was on the right side so I was climbing up. In between an uncle was standing still on the right side of the escalator. The person in front of me crossed him by going left to him and then stepping on the right again (zigzagg...
18wrcji,post,CLEMENTI,0.9792,0.109,0.052,0.839,convenience,2024-01,2024-01-02 22:59:45,"Car in front made off with my cash card So I was driving out of a hospital.  Car in front had a problem with their cash card and was struggling.  Driver came to me and asked for help, so I lent her my cashcard, thinking she would come back and return my card after the barrier opened.  Instead, she d..."
m1yqqoo,comment,GEYLANG,-0.7351,0.091,0.185,0.725,convenience,2024-12,2024-12-14 11:16:31,"Talk with your money. Companies/owners like to bid high for rental space because they believe there's a captive market, but if consumers refuse to give them business, they will fold. Much like the geylang serai market, the only way to punish them is to stop buying"
htanurd,comment,GEYLANG,0.0,0.0,0.0,1.0,general,2022-01,2022-01-19 16:46:16,If you asked me for a rubber Iâ€™d send you to Geylang
18p00n7,post,PUNGGOL,0.1759,0.099,0.089,0.812,property,2023-12,2023-12-23 14:56:43,"Why does everyone call Punggol a slum? Just moved into my resale home last month and was half dreading my decision purchasing my unit given how everyone shits on the town. Two weeks ago I decided to get off my arse, took a stroll along the pcn and holy balls, itâ€™s beautiful!  Iâ€™ve since been motivat..."
kekvkym,comment,PUNGGOL,0.0,0.0,0.0,1.0,general,2023-12,2023-12-23 16:24:24,"I donâ€™t stay there, but Iâ€™ve never heard anyone call Punggol a slum."
keku27m,comment,PUNGGOL,0.4678,0.113,0.04,0.847,general,2023-12,2023-12-23 16:09:07,"Maybe because at a certain area, it's quite near to where jb land fill is.

My friend and I cycled to explore the Punggol area. And indeed right after the north shore plaza. Towards the coast, the smell is pungent. I can't imagine for those living there. Great view for sure since you're looking at t..."
w3hjbr,post,CLEMENTI,0.98,0.234,0.017,0.749,general,2022-07,2022-07-20 16:56:06,"So many posts about people trying to find friends/groups, so letâ€™s give this a shot (again!) How about everyone lists their interests and hobbies below, so everyone can find like minded people can maybe connect! Feel free to post yours again even if you posted previously [here.](https://www.reddit.c..."
jvblsii,comment,GEYLANG,0.9984,0.151,0.054,0.795,amenities,2023-08,2023-08-09 00:56:28,"half singaporean here. I grew up in Indonesia and England. I lived in the states for a bit and moved to sg 3 years ago for work. I've gotten an opportunity to emigrate to Norway next year and truly cannot wait, nor intend to return. out of all the places I've lived, I've liked sg the least bc of its..."
li8l66p,comment,TAMPINES,0.8996,0.164,0.0,0.836,general,2024-08,2024-08-15 21:40:33,"Was in a homely cafe in a quiet town while on a day trip out of Osaka. Upon learning that we were from Singapore, one of the staff blurted out that she used to stay in Tampines ðŸ˜‚ It was honestly really surprising. She very sweetly sent us home with some souvenirs from the cafe and said that she had ..."
1ggc0gu,post,GEYLANG,0.9929,0.121,0.05,0.829,amenities,2024-10,2024-10-31 19:16:15,"Just wrapped up SG Just left Changi after spending 3 incredible days in SG. The country is clean, advanced, modern, well maintained and organized. Moving around the city in MRT is mad convenient and the 3 day EZ-link card was absolutely worth it. After using the MRT over 30 times, the $27 price tag ..."
1gg9gg6,post,YISHUN,-0.5472,0.0,0.035,0.965,amenities,2024-10,2024-10-31 16:10:52,Whats up with all the PMAs in SG?? I've frequently seen PMAs around being driven by non-handicapped people. For some reason the drivers are one of these: 1) 50-60yo Malay men and/or women (blasting music and lights) 2) Young malays (blastic music and lights) 3) Middle aged chinese man (delivering fo...
19egp87,post,BEDOK,-0.9364,0.137,0.151,0.713,property,2024-01,2024-01-24 21:08:19,"Is Mental Health really a joke in Singapore? Today Mothership and Mustsharenews posted a video to their Instagram about a man dangling from the 11th story of an HDB in Bedok. He was eventually rescued after they spoke to him for 2 hours. To be fair, its pretty damn amazing he was able to dangle and ..."
lbowkdh,comment,CLEMENTI,-0.1027,0.038,0.044,0.919,amenities,2024-07,2024-07-05 11:06:39,"New condos suck. 

Go see an older condo , those built in the 80s or 90s. 

Places like clementi park, Pandan valley, bullion park, faber garden, gallop gables, spanish villa, orchird aprtments, maple woods, mandarin gardens.... 

  
those are big, spacious. units typically START at 1000+ sqft.  A c..."
i6zyzfu,comment,JURONG WEST,0.5162,0.072,0.043,0.885,convenience,2022-05,2022-05-02 14:30:44,"LOL! 

Last time when I was a kid (a long time ago) we had to wear sweaters going to school in the morning. And I remember sitting in my dad's car which had only a tiny oscillating fan, NO AIRCON. And that was quite common in those days and we didn't ""suffer"". Now if you can find a car with no airco..."
10ewr51,post,CLEMENTI,0.9832,0.215,0.0,0.785,general,2023-01,2023-01-18 11:30:55,"So many posts about people trying to find friends, the 3rd edition! So 2 successful posts, and 1 year later, we are onto the 3rd post! How about everyone lists their interests and hobbies below, so everyone can find like minded people can maybe connect! Feel free to post yours again even if you post..."
kqt72ru,comment,YISHUN,-0.3182,0.0,0.204,0.796,general,2024-02,2024-02-17 16:11:29,This is Yishunâ€™s ploy to trap visitors to this neighbourhood
lwiqg6c,comment,SENGKANG,0.9754,0.189,0.092,0.718,general,2024-11,2024-11-11 10:44:53,"Threads like these always remind me of this quote I came across

""Those who read the news are convinced things have never been worse.

Those who studied history knows things have never been better.""

Whatever the news or social media is telling you, they are keen to tell you of problems but they are..."
lwiqg6c,comment,HOUGANG,0.9754,0.189,0.092,0.718,general,2024-11,2024-11-11 10:44:53,"Threads like these always remind me of this quote I came across

""Those who read the news are convinced things have never been worse.

Those who studied history knows things have never been better.""

Whatever the news or social media is telling you, they are keen to tell you of problems but they are..."
k9kxbiw,comment,GEYLANG,0.9717,0.114,0.05,0.836,amenities,2023-11,2023-11-17 09:22:25,"My 2 cents advice:
1. Read - books/ newspapers/ magazine whatever, as reading keeps your mind off the sudden slowing down of time. It also helps to keep ur mind occupied as wondering/ wandering minds is the worst when u have no freedom to deal with it - so read. Thereâ€™s library system where u can bo..."
1d06ms8,post,CHOA CHU KANG,-0.8437,0.093,0.143,0.764,general,2024-05,2024-05-25 15:29:29,"Most Haunted Places in Singapore? I have my fair share of going to random scary places (in my opinion) with friends, like the old graves at Ubin, the abandoned Brunei hostel, and so on. Once, my friend and I went to Choa Chu Kangâ€™s cemetery during a Thursday at sun down (Malayâ€™s believe this timing ..."
z5db3y,post,BUKIT TIMAH,0.9828,0.176,0.023,0.801,general,2022-11,2022-11-27 01:46:03,"Who dat guy who gave me an isotonic drink when I was gonna faint? Thank u! tldr: to the unknown dude who gave me an isoplenish drink earlier today (26 nov, sat) thank you! 

context: am an unfit and puny girl. went to hike at bukit timah hill. after hiking up the steep climb at the start and decidin..."
jzwzvd4,comment,PASIR RIS,0.9482,0.132,0.039,0.829,amenities,2023-09,2023-09-10 12:49:37,"I don't think it's that bad? Depends on what your parents did?

I remember weekend trips to East Coast Park/Pasir Ris Park to cycle. I remember going to Marina Bay area to fly kite. I remember during school holidays I'll go for fun stuff like building robots with Lego, going for ""young scientist"" en..."
1dfezdr,post,JURONG EAST,-0.9653,0.029,0.08,0.891,convenience,2024-06,2024-06-14 09:16:02,"is he stalking me?? iâ€™ve been bumping into this guy everytime im waiting for the train or unboarding the train (we get down at the same stop). the first time he saw me, he kept looking at me. the next few times we bumped, he kept looking at me as if he wants to hint me like â€˜hey we keep bumping into..."
1ghsa0z,post,BUKIT PANJANG,-0.8657,0.045,0.064,0.891,property,2024-11,2024-11-02 16:55:18,"Any incidents in a club or bar around Bugis recently? So I(20M) am not sure if I am allowed to share this, but I was around Bugis Street today and a pair of police came up to me and my gf(21F) and asked for our IC. We showed them our student pass and after they looked for a while, they asked me to f..."
1iaei4o,post,SEMBAWANG,-0.7857,0.023,0.06,0.917,amenities,2025-01,2025-01-26 21:27:23,"CNY restaurant mark up, is this NORMAL?!? Went to eat at one of the White Restaurant (the sembawang white beehoon). The price mark up was insane, eg: usual price $8.50 for the beehoon became $10.80, not including gst n service charge...  ask the staff and they say oh because ""supplier stop work so i..."
1bg9323,post,SERANGOON,-0.962,0.105,0.116,0.778,amenities,2024-03,2024-03-16 23:49:49,"running away at 16 i am posting this here cause r/singapore deleted my post there ðŸ¥² idk where to post it now so this post is here now

hello, if you are unwilling/ have no time to read this, please refer to the bottom, which includes my tldr, plan and points that i need advice on, thanks!

a little ..."
1bg9323,post,BISHAN,-0.962,0.105,0.116,0.778,amenities,2024-03,2024-03-16 23:49:49,"running away at 16 i am posting this here cause r/singapore deleted my post there ðŸ¥² idk where to post it now so this post is here now

hello, if you are unwilling/ have no time to read this, please refer to the bottom, which includes my tldr, plan and points that i need advice on, thanks!

a little ..."
1bg9323,post,TAMPINES,-0.962,0.105,0.116,0.778,amenities,2024-03,2024-03-16 23:49:49,"running away at 16 i am posting this here cause r/singapore deleted my post there ðŸ¥² idk where to post it now so this post is here now

hello, if you are unwilling/ have no time to read this, please refer to the bottom, which includes my tldr, plan and points that i need advice on, thanks!

a little ..."
kv5jt1j,comment,BISHAN,0.9146,0.197,0.0,0.803,amenities,2024-03,2024-03-17 00:04:06,Are there any safer places you can sleep at? Maybe a friendâ€™s home or a hidden corner in your jc? I think some jcs have toilets with shower and lockers as well so you can use those free of charge instead of paying for a gym membership. I know of a few friends who studied in school and slept there ov...
ijjqmfr,comment,SENGKANG,0.0,0.0,0.0,1.0,general,2022-08,2022-08-09 14:23:10,"I have a flat in Sengkang, with a big couch in the living room. DM me if you can't find anywhere else."
159qzv9,post,PUNGGOL,0.8997,0.105,0.078,0.817,convenience,2023-07,2023-07-26 08:58:49,"How do yall make ends meet? I earn just above the average salary in SG and tend to be more on the conservative side financially. My lifestyle has been described as ""simple"" by my friends and I rarely travel overseas.

My biggest expenditure is rent. With the crazy surge in prices (mine is going up 3..."
i5bajwy,comment,BEDOK,0.0,0.0,0.0,1.0,general,2022-04,2022-04-19 14:58:27,A korean dude approached me in Bedok and said that the protestants canâ€™t achieve eternal life. Dude I was just trying to buy nasi lemak
1dfpfew,post,GEYLANG,0.9551,0.052,0.009,0.938,amenities,2024-06,2024-06-14 20:16:50,"Vacation to Singapore for Food mainly! If possible some advice please. Greeting my name is John 35 years old european,i am a chef in tuscany and will visit singapore with my girlfriend for 5 days,will stay close to marina bay. 

Edit: We will stay at the Fullerton Hotel so moving around is gonna be ..."
1itmeko,post,PUNGGOL,0.6898,0.106,0.0,0.894,convenience,2025-02,2025-02-20 09:19:30,"Anyone got approached by a guy with a condom packet at Punggol MRT Be careful girlsâ€¦ I was minding my own business when some guy with a backpack came up beside me, flashed a condom packet and asked me something. Didnâ€™t know what he said cause I had my headphones on but good morning I guess??? ðŸ˜€ðŸ˜€ðŸ˜€"
1f14jz1,post,PUNGGOL,-0.7175,0.043,0.097,0.86,general,2024-08,2024-08-26 03:25:02,"Man attempted to open my car door and enter my car  Mysterious man flagged my car along the road, stopped for him thinking he needed help or emergency. Wind down my window to ask him what happen but before I could speak, man then proceeded to open my rear passenger door and board my car.

Thankfully..."
171i8h6,post,JURONG EAST,0.9873,0.139,0.079,0.782,general,2023-10,2023-10-07 01:22:37,"Racial Slur directed at me/ in the public Hi all, I would like to share about an incident that happened near a void deck playground late at night a few hours ago.

I'm 22 M chinese lean build and i was accompanied by a friend 22 F chinese

&#x200B;

I was at a playground near West Coast/Jurong East,..."
hvss2wm,comment,PASIR RIS,0.8988,0.109,0.084,0.807,amenities,2022-02,2022-02-06 19:02:53,"Somewhere after Sungei Api Api bridge at Pasir Ris.  Friend and I were at a chalet and we had this brilliant idea to head inside the park to find a bicycle rental shop. This was already past 11pm but we were so adamant that the shop was still open.  

I remember that our spirits were high and we eve..."
iveek9o,comment,BUKIT TIMAH,0.9769,0.063,0.035,0.902,general,2022-11,2022-11-07 18:52:08,"We don't have any physical evidence of dinosaurs ever existing in Singapore, but they certainly could have been present.

Among the [major rock formations](https://lkcnhm.nus.edu.sg/wp-content/uploads/sites/10/lkcnhm-e-books/LKCNHM-EBOOK-2019-0002.pdf) present in Singapore, we have a number that hav..."
134fptj,post,SERANGOON,0.8048,0.166,0.037,0.796,amenities,2023-05,2023-05-01 15:32:02,"What is everyone's go to comfort food in Singapore? What is everyone's go to comfort food in Singapore? If you have a specific store in mind, please give the location so I can try!

When I get over stressed and need some comforting, Teochew porridge with salty beancurd skin and braised egg from uppe..."
17ix7xl,post,TOA PAYOH,0.7424,0.171,0.048,0.781,property,2023-10,2023-10-29 14:51:11,"What spending hacks have you built to cope with inflation? Ill start first! 

1.) Value Dollar store for snacks, drinks, house cleaning stuff. Also, I buy from Toa Payoh coz value dollar at Orchard is more expensive. 

2.) Venus beauty for toiletries 

3.) Buying discounted fruits from Fairprice, mo..."
lfo4scq,comment,CLEMENTI,0.7034,0.074,0.063,0.862,amenities,2024-07,2024-07-31 00:21:05,"Urban heat is serious. 

Look at Singaporeâ€™s green spaces in 1990s and compare to know. We had the whole of north east (Sengkang and Punggol as a forest) back then. For west side - Tengah/ Bukit Batok / Bukit Panjang / Choa Chu kang were mostly forested area or less density. 

Also look at the build..."
lfo4scq,comment,BUKIT PANJANG,0.7034,0.074,0.063,0.862,amenities,2024-07,2024-07-31 00:21:05,"Urban heat is serious. 

Look at Singaporeâ€™s green spaces in 1990s and compare to know. We had the whole of north east (Sengkang and Punggol as a forest) back then. For west side - Tengah/ Bukit Batok / Bukit Panjang / Choa Chu kang were mostly forested area or less density. 

Also look at the build..."
lfo4scq,comment,BUKIT BATOK,0.7034,0.074,0.063,0.862,amenities,2024-07,2024-07-31 00:21:05,"Urban heat is serious. 

Look at Singaporeâ€™s green spaces in 1990s and compare to know. We had the whole of north east (Sengkang and Punggol as a forest) back then. For west side - Tengah/ Bukit Batok / Bukit Panjang / Choa Chu kang were mostly forested area or less density. 

Also look at the build..."
lfo4scq,comment,TOA PAYOH,0.7034,0.074,0.063,0.862,amenities,2024-07,2024-07-31 00:21:05,"Urban heat is serious. 

Look at Singaporeâ€™s green spaces in 1990s and compare to know. We had the whole of north east (Sengkang and Punggol as a forest) back then. For west side - Tengah/ Bukit Batok / Bukit Panjang / Choa Chu kang were mostly forested area or less density. 

Also look at the build..."
lfo4scq,comment,CHOA CHU KANG,0.7034,0.074,0.063,0.862,amenities,2024-07,2024-07-31 00:21:05,"Urban heat is serious. 

Look at Singaporeâ€™s green spaces in 1990s and compare to know. We had the whole of north east (Sengkang and Punggol as a forest) back then. For west side - Tengah/ Bukit Batok / Bukit Panjang / Choa Chu kang were mostly forested area or less density. 

Also look at the build..."
lfo4scq,comment,PUNGGOL,0.7034,0.074,0.063,0.862,amenities,2024-07,2024-07-31 00:21:05,"Urban heat is serious. 

Look at Singaporeâ€™s green spaces in 1990s and compare to know. We had the whole of north east (Sengkang and Punggol as a forest) back then. For west side - Tengah/ Bukit Batok / Bukit Panjang / Choa Chu kang were mostly forested area or less density. 

Also look at the build..."
lfo4scq,comment,SENGKANG,0.7034,0.074,0.063,0.862,amenities,2024-07,2024-07-31 00:21:05,"Urban heat is serious. 

Look at Singaporeâ€™s green spaces in 1990s and compare to know. We had the whole of north east (Sengkang and Punggol as a forest) back then. For west side - Tengah/ Bukit Batok / Bukit Panjang / Choa Chu kang were mostly forested area or less density. 

Also look at the build..."
lealcbp,comment,HOUGANG,0.7096,0.33,0.0,0.67,general,2024-07,2024-07-22 06:21:46,Good luck man. Probably that's why the previous home owner wanted to move. https://mothership.sg/2021/05/neighbour-from-hell-hougang-tiktok/
hovnsk,post,SENGKANG,0.9295,0.821,0.0,0.179,general,2020-07,2020-07-11 03:40:21,SENGKANG UPVOTE PARTY Congratulations to WP winning!
fxkegyn,comment,HOUGANG,0.9251,0.448,0.0,0.552,general,2020-07,2020-07-11 04:17:29,"I see it as a triple win for WP. 
They gained 4 new seats in parliament, retained their Aljunied Hougang stronghold and that the party's renewal is a success."
gb7ennm,comment,PASIR RIS,-0.0431,0.194,0.258,0.548,general,2020-11,2020-11-05 14:49:17,LOL east west line logo stops at Tampines. Pasir Ris is crying now
gb7ennm,comment,TAMPINES,-0.0431,0.194,0.258,0.548,general,2020-11,2020-11-05 14:49:17,LOL east west line logo stops at Tampines. Pasir Ris is crying now
gb7d3k2,comment,BEDOK,0.4417,0.252,0.118,0.63,general,2020-11,2020-11-05 14:27:34,The one that makes me laugh really hard is Bedok Reservoir.
j4feq5w,comment,JURONG EAST,-0.7506,0.0,0.242,0.758,general,2023-01,2023-01-15 17:06:16,"I just realised I made him go the opposite direction of the Jurong East track... My disappointment is immeasurable, and my day is ruined."
gzqono6,comment,PUNGGOL,-0.25,0.068,0.095,0.838,general,2021-05,2021-05-28 17:44:05,"Coming to you live from the scene: I just booked a ride from punggol to dakota for $12.40 vs grab's $14.30. Also, PSA that comfort app doesn't charge admin fees for cc payment. Fuck grab."
in43ap,post,BISHAN,0.2023,0.153,0.0,0.847,amenities,2020-09,2020-09-06 00:30:44,"Bishan Park, 30 years apart. Top pic, 1988. Bottom pic, 2020. "
g45mprt,comment,BISHAN,0.9029,0.125,0.047,0.828,amenities,2020-09,2020-09-06 03:26:06,"Thanks for sharing this pic. This is where I grew up. Where I learn to ride my first bicycle. Behind this picture, before reaching the stairs, is an overhead bridge, my mother would take me and my bike to Bishan park. 

One time when we reach the stairs, I decided to go down the slope on the right t..."
1i4qczp,post,TOA PAYOH,-0.4019,0.0,0.351,0.649,general,2025-01,2025-01-19 12:32:45,"Oh damn Seen at Toa Payoh 
"
g4j58xc,comment,SENGKANG,0.9676,0.178,0.027,0.796,general,2020-09,2020-09-09 17:30:29,"Taken near Sengkang Sports Stadium.
Camera: Sony A7iii
Lens: Samyang 14mm F2.8
20 shots stacked with Sequator, blended with original foreground shot at ISO800, F8.0 and 25s (IIRC).

This shot took forever to get, because it would either be cloudy, or if it looked clear, I would find high clouds. I s..."
h0vjhuo,comment,BEDOK,0.0,0.0,0.0,1.0,general,2021-06,2021-06-07 12:41:14,The Prime Minister invites you to ~~Lake Laogai~~ Bedok Reservoir
ipk9mqo,comment,MARINE PARADE,0.6369,0.126,0.0,0.874,general,2022-09,2022-09-23 12:41:56,I saw a similar group of artists doing so along a street in Chinatown and then near Jalan Besar. There must be a community of these artists doing so particularly at older shophouses type estates. Probably places like Marine Parade and Tiong Bahru would be picturesque for their subject matter
fbxsidb,comment,PASIR RIS,-0.4215,0.0,0.118,0.882,convenience,2019-12,2019-12-24 22:55:14,"Unrelated question, but are those bus stop designs in the background only found in Pasir Ris? I donâ€™t remember seeing it anywhere else"
g8xwet,post,CLEMENTI,0.0,0.0,0.0,1.0,amenities,2020-04,2020-04-27 17:58:44,Sketches of Singapore #3: Clementi Mall 
jdsbov,post,PASIR RIS,0.0,0.0,0.0,1.0,general,2020-10,2020-10-19 09:11:09,Emily in Pasir Ris 
h6jg0uo,comment,BUKIT TIMAH,0.8367,0.103,0.05,0.847,general,2021-07,2021-07-26 09:56:17,"My parents sat me down when i graduated from university. This was the conversation if I recall correctly:

Them - Youâ€™re on your own from now on. Our job of raising you is done! Weâ€™re not going to financially support you any more. But neither will we expect you to financially support us.

Me - Oh. S..."
ewkzah8,comment,BISHAN,-0.7845,0.0,0.198,0.802,general,2019-08,2019-08-11 12:58:53,"The patriotic otter dies trying to hold the flag upright after being bitten 14 times while battling the Southern Intruders.

The battle for Bishan was the darkest period in Otter history.

Edit.  bitten 14 times."
156zmfd,post,ANG MO KIO,-0.9646,0.085,0.1,0.815,convenience,2023-07,2023-07-23 08:08:53,"Raj Naga, friend of police officer Uvaraja, posts on the incident on Facebook Copied wholesale from FB:


My friend and former colleague Raja passed away on Friday, 21 July 2023. I am told that he ended his life wearing his full uniform and operational kit. He had sent me a 4 minute long voice messa..."
guhkh3,post,YISHUN,-0.3612,0.0,0.333,0.667,general,2020-06,2020-06-01 17:36:14,Lighnting Strikes in Yishun (long-exposure mode) 
fsig74h,comment,YISHUN,-0.8176,0.0,0.556,0.444,general,2020-06,2020-06-01 17:48:47,Bloody hell. Yishun is really the upside down
feey2l,post,BUKIT MERAH,0.0,0.0,0.0,1.0,general,2020-03,2020-03-06 23:22:34,Posted by Bukit Merah West Police on Facebook. 
gg6ios,post,BISHAN,-0.5574,0.0,0.34,0.66,amenities,2020-05,2020-05-09 09:53:19,Dystopian robot terrifies park goers in Bishan Park 
l1guzb3,comment,SENGKANG,0.3612,0.094,0.0,0.906,general,2024-04,2024-04-27 14:31:56,"I think sometimes the compactness actually increases travelling time. Going around in Sengkang can be like, ""this takes as long as going from Woodlands to YCK."""
l1guzb3,comment,WOODLANDS,0.3612,0.094,0.0,0.906,general,2024-04,2024-04-27 14:31:56,"I think sometimes the compactness actually increases travelling time. Going around in Sengkang can be like, ""this takes as long as going from Woodlands to YCK."""
i74sks,post,SENGKANG,0.0,0.0,0.0,1.0,general,2020-08,2020-08-10 21:26:40,Invasion of Sengkang 2020. [Satire] 
g0zzmho,comment,SENGKANG,0.0,0.0,0.0,1.0,general,2020-08,2020-08-10 23:05:12,"Nothing happened in Sengkang on the 9th of August, 2020."
g2w5t7h,comment,PASIR RIS,0.1779,0.044,0.0,0.956,general,2020-08,2020-08-26 16:55:11,Errr I guess one of the objectives of the competitions in Pasir Ris and Sengkang is sorta to build a community spirit? Because the logo is designed by members of the community and itâ€™s something they can call their own.
g2w5t7h,comment,SENGKANG,0.1779,0.044,0.0,0.956,general,2020-08,2020-08-26 16:55:11,Errr I guess one of the objectives of the competitions in Pasir Ris and Sengkang is sorta to build a community spirit? Because the logo is designed by members of the community and itâ€™s something they can call their own.
lvhdhrf,comment,ANG MO KIO,0.8328,0.253,0.0,0.747,general,2024-11,2024-11-05 14:04:58,"I've seen these two occasionally around Ang Mo Kio, typically together on a PMA just like this. They're often dressed rather flamboyantly, so guessing they're definitely more than just friends."
hxfy80,post,YISHUN,0.0,0.0,0.0,1.0,general,2020-07,2020-07-25 11:30:48,Netflix trolling Yishun 
fz5ykn5,comment,YISHUN,-0.9323,0.0,0.368,0.632,general,2020-07,2020-07-25 12:00:48,"Oh no Lucifer is name of the devil, and yishun has 6 letters, and the sign of the devil is 6, is it a coincidence? Burn it with fire!! /s"
hr7ukyd,comment,BUKIT TIMAH,0.5859,0.16,0.0,0.84,general,2022-01,2022-01-04 22:42:59,"Nam Seng Clinic

144 Upper Bukit Timah Road, #01-22

Beauty World Centre, Singapore 588177

Call 6462 0082 to make an appointment."
iua6yc,post,SENGKANG,0.7964,0.262,0.0,0.738,general,2020-09,2020-09-17 10:11:50,"I couldn't enter the logo design competition held by the Sengkang Town Council as a professional, but just thought I would create one for fun "
mc3o2k2,comment,BISHAN,-0.7622,0.038,0.077,0.885,convenience,2025-02,2025-02-11 08:49:31,Its been 30 mins and still don't see any annoucement on smrt announcements or socials? I finally reached bishan and the queue to get into circle line is ~5 -7 train worth. I could've easily taken the bus from my house to work but now I'm stuck crowding the circle line with everyone else. No announce...
gcldv9y,comment,YISHUN,-0.5574,0.0,0.217,0.783,general,2020-11,2020-11-17 16:42:40,"""Ah shit, here we go again"" set against the background of a neighbourhood in Yishun"
fxdace2,comment,CLEMENTI,-0.6242,0.028,0.071,0.901,general,2020-07,2020-07-09 07:44:17,"It sheltered during the rain last night at my balcony, and now it's just hanging around. Fed it some nuts. Tried to feed it grapes but it yeeted it out the balcony. Looks like it's someone's pet. Who do I call? ACRES?

Update: it ate some nuts, drank some water. Shat on my balcony and then flew off...."
hiuw22c,comment,SENGKANG,-0.2185,0.136,0.16,0.704,general,2021-11,2021-11-01 14:41:24,"I think it's fair to say that her political career is over. WP keeping her for the next election will only damage their reputation further, and cause them to lose Sengkang."
fz5r402,comment,GEYLANG,-0.2756,0.106,0.118,0.776,general,2020-07,2020-07-25 10:40:43,"As someone who used to be staunchly Christian and anti-lgbtq, I would just like to apologise for all the hate that you have received. I lost faith precisely because I could not deal with the hypocrisy that is Christianity when it comes to LGBT. 

We claim to be the religion of love when all we can d..."
fwsaogd,comment,BISHAN,0.9986,0.15,0.044,0.806,amenities,2020-07,2020-07-03 15:57:30,"Major thanks to u/melonmilkfordays for permission to make this!

Thank you to all the redditors who asked for this. Now it's here and it's free! Yes, 1 per redditor. Just pm me your address and name (or i can just use your reddit user name) and I will snail mail one to you! Inside the envelope I wil..."
hoshkm,post,SENGKANG,0.0,0.0,0.0,1.0,general,2020-07,2020-07-11 00:52:55,Sengkang reaction to sample count 
fxjpq1i,comment,SENGKANG,0.4824,0.303,0.145,0.552,general,2020-07,2020-07-11 00:56:04,"I live in Sengkang. Everywhere all cheering for WP, except for my block, silent af."
fxjvmat,comment,SENGKANG,0.6908,0.116,0.033,0.851,general,2020-07,2020-07-11 01:43:09,"Sengkang is quite a new town, with many young adults and their kids. If anything, this is indicative of our younger generation taking a chance on the opposition, and being dissatisfied with the ruling party.

Now PAP, in the next 5,10,15 years, do you think there will still be a generation of older ..."
im7ff6,post,BISHAN,0.6249,0.506,0.0,0.494,general,2020-09,2020-09-04 10:17:30,The Great Pyramid of Bishan 
i5tntd,post,WOODLANDS,0.0,0.0,0.0,1.0,convenience,2020-08,2020-08-08 13:23:41,Sunset at Woodlands MRT 
g0rlpnb,comment,WOODLANDS,0.4019,0.231,0.0,0.769,general,2020-08,2020-08-08 14:29:47,There's something comforting about the views of woodlands at night.
g0ri3dj,comment,WOODLANDS,0.0,0.0,0.0,1.0,general,2020-08,2020-08-08 13:39:41,Hello from Woodlands
1fiwm7d,post,BUKIT MERAH,-0.4019,0.0,0.13,0.87,general,2024-09,2024-09-17 19:25:40,"Insane wind and rain Bukit Merah area, winds were so fast i was seeing cardboard and other material start flying"
nnevt0,post,PASIR RIS,0.0,0.0,0.0,1.0,general,2021-05,2021-05-29 11:51:53,Finishing off the work before the rains pour down. Pasir Ris. 
jcqgc6,post,BISHAN,0.9974,0.151,0.049,0.8,convenience,2020-10,2020-10-17 14:46:40,"To the driver of the Grey Toyota on Neo Tiew Road two Saturdays ago Two Saturdays ago, my girlfriend and I were on leave. When the rain stopped, we decided to resume our original plan of visiting a few farms in the Kranji Area which our friends recommended (Hay Dairies, Jurong Frog Farm etc.) We too..."
gt4ki4k,comment,JURONG EAST,0.0,0.0,0.0,1.0,general,2021-04,2021-04-02 17:55:17,"jurong east these are common. I see at least 2 a day. 334 has alot of these 3 door, 2 staircases, double decked buses."
fvm1v6c,comment,ANG MO KIO,0.8531,0.069,0.0,0.931,amenities,2020-06,2020-06-22 14:05:38,"Wondering if this is the Zouk family, which has been trying to establish a new territory outside of the Botanic Gardens. This is the same family that's been popping up all over the place, such as the Shell station along Bukit Timah Road, one of the condominiums in Newton, Tan Tock Seng Hospital, KK ..."
fvm1v6c,comment,BUKIT TIMAH,0.8531,0.069,0.0,0.931,amenities,2020-06,2020-06-22 14:05:38,"Wondering if this is the Zouk family, which has been trying to establish a new territory outside of the Botanic Gardens. This is the same family that's been popping up all over the place, such as the Shell station along Bukit Timah Road, one of the condominiums in Newton, Tan Tock Seng Hospital, KK ..."
fvm1v6c,comment,BISHAN,0.8531,0.069,0.0,0.931,amenities,2020-06,2020-06-22 14:05:38,"Wondering if this is the Zouk family, which has been trying to establish a new territory outside of the Botanic Gardens. This is the same family that's been popping up all over the place, such as the Shell station along Bukit Timah Road, one of the condominiums in Newton, Tan Tock Seng Hospital, KK ..."
jzh4bt,post,PASIR RIS,0.0,0.0,0.0,1.0,amenities,2020-11,2020-11-23 20:58:21,Otters in Pasir Ris Park 
m50uuu8,comment,BISHAN,0.3612,0.294,0.0,0.706,general,2025-01,2025-01-02 23:53:37,Look like an estate in Bishan sia ðŸ˜¬
eef9bb,post,PUNGGOL,0.0,0.0,0.0,1.0,general,2019-12,2019-12-23 12:03:06,The mists of punggol. Taken in 2015. 
fbtdbz9,comment,PUNGGOL,0.69,0.11,0.0,0.89,convenience,2019-12,2019-12-23 12:26:16,Many years ago I used to stay in Punggol when it was still quite undeveloped - my dad would send me to school early in the morning and we would drive past a lot of forested/grassy misty areas like this. It always felt a bit otherworldly and surreal. Thanks for the nostalgia!
fxdn071,comment,BUKIT TIMAH,0.0,0.0,0.0,1.0,general,2020-07,2020-07-09 09:45:12,Wah you can even see bukit timah beside mbs
gimg2fo,comment,TAMPINES,0.6705,0.379,0.0,0.621,general,2021-01,2021-01-09 12:16:44,Just me converting our Canadian friend into a Tampines Rovers fan ðŸ’›ðŸ–¤ðŸ’›
lggk6a,post,GEYLANG,0.0,0.0,0.0,1.0,general,2021-02,2021-02-10 07:33:31,Singapore Scenes: A quiet night in Geylang. 
gmrec0c,comment,GEYLANG,0.0,0.0,0.0,1.0,general,2021-02,2021-02-10 08:16:08,Geylang is Cyberpunk 2021 fr
l8hdz8,post,ANG MO KIO,0.3578,0.16,0.0,0.84,convenience,2021-01,2021-01-30 16:30:57,"At the Ang Mo Kio mrt underpass!! Lads are straight vibing, gave em $5 "
hgk2pl,post,ANG MO KIO,0.9409,0.091,0.0,0.909,convenience,2020-06,2020-06-27 09:02:31,"I am /u/mildfull and I am running for moderator of /r/Singapore /u/mildfull grew up in a three-room flat in Ang Mo Kio. His father was a forklift driver and his motherÂ was a seamstress.  

/u/mildfull was a student in the Normal (Academic) stream before obtaining a polytechnic diploma and enrolling ..."
knhy5g,post,GEYLANG,-0.0772,0.0,0.206,0.794,general,2020-12,2020-12-31 11:33:59,Singapore Scenes: Rainy nights at Sims-Geylang 
fiusfs,post,PASIR RIS,0.0,0.0,0.0,1.0,amenities,2020-03,2020-03-15 11:05:16,Saw these 2 hornbills outside my condo (Pasir Ris) gym. Check out the lizard in its mouth! 
1c8g16i,post,WOODLANDS,-0.25,0.0,0.167,0.833,general,2024-04,2024-04-20 11:26:27,Someone pass this to me while I was eating alone at Woodlands 
1gsobcv,post,SENGKANG,-0.891,0.0,0.492,0.508,property,2024-11,2024-11-16 22:23:40,"Yakult lady, 70, dies after assault in Sengkang HDB block during delivery, man, 30, arrested & charged "
lotnrfu,comment,JURONG EAST,0.5256,0.112,0.044,0.843,general,2024-09,2024-09-25 16:04:38,"This is what most of the redditors have been saying in the past, if EW like goes down, thereâ€™s no way for commuters from Jurong East/boon lay area to get into town without taking >2hrs. Really hoping LTAâ€™s getting heat for this to do something."
mga9ne,post,PASIR RIS,-0.1531,0.0,0.082,0.918,general,2021-03,2021-03-30 15:16:53,Half white half blue at Pasir Ris. Saw many people stopping to take a pic and so I did the same. 
gfnt70,post,TOA PAYOH,0.0,0.0,0.0,1.0,amenities,2020-05,2020-05-08 14:27:33,I delivered food today in Toa Payoh. This made my day. 
ghrlcij,comment,PUNGGOL,0.9974,0.116,0.038,0.846,amenities,2021-01,2021-01-02 06:17:42,"--- Meet Mr. Leong, 70 ---

I spotted this cheery gentleman a few years ago working the platform at Meridian LRT station in Punggol, Singapore.

Mr. Leong would smile at folks departing from the train cabins, and he'd engage in conversations with commuters who were waiting for the trains. With how c..."
ghrlcij,comment,HOUGANG,0.9974,0.116,0.038,0.846,amenities,2021-01,2021-01-02 06:17:42,"--- Meet Mr. Leong, 70 ---

I spotted this cheery gentleman a few years ago working the platform at Meridian LRT station in Punggol, Singapore.

Mr. Leong would smile at folks departing from the train cabins, and he'd engage in conversations with commuters who were waiting for the trains. With how c..."
fnn84jy,comment,YISHUN,0.25,0.25,0.0,0.75,general,2020-04,2020-04-17 09:21:33,Can anyone explain the jokes about Yishun?
oioalq,post,BISHAN,0.0,0.0,0.0,1.0,general,2021-07,2021-07-12 18:07:53,Rains in Bishan 
pxuo1t,post,YISHUN,-0.2235,0.0,0.212,0.788,general,2021-09,2021-09-29 20:48:34,Do not share your OTP - Yishun North NPC 
f73q5z,post,JURONG EAST,-0.4588,0.0,0.375,0.625,general,2020-02,2020-02-21 09:44:06,An unfortunate malfunction at Jurong East 
dtptose,comment,YISHUN,0.0,0.0,0.0,1.0,general,2018-02,2018-02-04 20:02:30,Where is Yishun and not Yishun 
jc81e0,post,PASIR RIS,-0.4228,0.0,0.158,0.842,amenities,2020-10,2020-10-16 19:20:41,Met this fella at Pasir Ris park. He seems almost disappointed the BBQ pit is closed. 
hl79dk0,comment,YISHUN,0.85,0.106,0.071,0.824,general,2021-11,2021-11-19 10:04:56,"This was made for [Heritage Game Jam 2021](https://www.heritagegamejam.com/), over the course of the past 5 days

The theme for the jam is ""Everyday Heroes""; why not shine the spotlight on these often-overlooked staff? Without them, we'd be stuck trying to get the automated SafeEntry scanning machin..."
f8iei3,post,ANG MO KIO,0.0,0.0,0.0,1.0,amenities,2020-02,2020-02-24 08:03:35,Bishan - Ang Mo Kio Park in the morning 
f8iei3,post,BISHAN,0.0,0.0,0.0,1.0,amenities,2020-02,2020-02-24 08:03:35,Bishan - Ang Mo Kio Park in the morning 
ikhvao,post,GEYLANG,0.34,0.094,0.0,0.906,convenience,2020-09,2020-09-01 18:32:42,My late grandfather giving an opening speech before Mr LKY at the official opening of Geylang Serai Market. Photo found in the National Archives. 
gh1u1vh,comment,BUKIT TIMAH,-0.3182,0.058,0.055,0.887,convenience,2020-12,2020-12-26 13:30:22,"**WTF or at least mildly interesting facts that I know.**

â€¢ You can get [fined for not flushing the toilet](https://www.quora.com/Whats-the-penalty-for-forgetting-to-flush-the-toilet-in-Singapore).

â€¢ We are the only fully functional modern sovereign city state, as we have our local currency, indep..."
gh1u1vh,comment,BISHAN,-0.3182,0.058,0.055,0.887,convenience,2020-12,2020-12-26 13:30:22,"**WTF or at least mildly interesting facts that I know.**

â€¢ You can get [fined for not flushing the toilet](https://www.quora.com/Whats-the-penalty-for-forgetting-to-flush-the-toilet-in-Singapore).

â€¢ We are the only fully functional modern sovereign city state, as we have our local currency, indep..."
tg44x6,post,BUKIT PANJANG,0.0,0.0,0.0,1.0,convenience,2022-03,2022-03-17 14:56:14,Happened at Bukit Panjang MRT. Visually impaired elderly being hand-held by the patrol officers to exit the station. 
fpw0dm,post,BUKIT TIMAH,0.0,0.0,0.0,1.0,convenience,2020-03,2020-03-27 20:22:38,Sketches of Singapore #2: Bukit Timah Market 
1em8p4k,post,BEDOK,-0.9913,0.044,0.156,0.8,amenities,2024-08,2024-08-07 18:51:10,"What's the worst scandal that Singaporeans have forgiven and forgotten about? ""Fool me once, shame on you; fool me twice, shame on me..."" Now that the Allianz-NTUC Income bait-and-switch for policyholders and minority shareholders has put corporate greed into the spotlight, let's try to recall some ..."
c1l9nw,post,GEYLANG,0.9998,0.15,0.027,0.823,amenities,2019-06,2019-06-17 16:56:44,"My ""Best of Singapore"" List that we've compiled after a 9-year stay. Thank you and Goodbye, Singapore. After a good solid 9-year stay in Singapore, The family and I are leaving for good and It's been a bittersweet journey for us. To show our gratitude, I've compiled a list of highly recommended expe..."
c1l9nw,post,SERANGOON,0.9998,0.15,0.027,0.823,amenities,2019-06,2019-06-17 16:56:44,"My ""Best of Singapore"" List that we've compiled after a 9-year stay. Thank you and Goodbye, Singapore. After a good solid 9-year stay in Singapore, The family and I are leaving for good and It's been a bittersweet journey for us. To show our gratitude, I've compiled a list of highly recommended expe..."
c1l9nw,post,MARINE PARADE,0.9998,0.15,0.027,0.823,amenities,2019-06,2019-06-17 16:56:44,"My ""Best of Singapore"" List that we've compiled after a 9-year stay. Thank you and Goodbye, Singapore. After a good solid 9-year stay in Singapore, The family and I are leaving for good and It's been a bittersweet journey for us. To show our gratitude, I've compiled a list of highly recommended expe..."
fp1n3bj,comment,WOODLANDS,0.0,0.0,0.0,1.0,general,2020-04,2020-04-30 18:07:46,"Wait, pipe from Woodlands to Changi?"
mbwxjy,post,TOA PAYOH,0.0,0.0,0.0,1.0,general,2021-03,2021-03-24 11:58:33,Sleepy Afternoons | Toa Payoh 
gs0gr0v,comment,TOA PAYOH,0.9892,0.187,0.0,0.813,property,2021-03,2021-03-24 12:02:13,"Hello everyone! Back again with another video and free sound library~ 

Toa Payoh is one of the oldest HDB estates and while exploring it, we really loved the pastel colours of the buildings and calm atmosphere there. In the span of half a day, we interacted with many friendly community cats and rec..."
gqenhlk,comment,JURONG WEST,-0.3291,0.0,0.035,0.965,amenities,2021-03,2021-03-10 11:11:08,"I remember kiddy palace but not so much of donut. Grown up in Jurong west and been there since day 1 when the mall started. Only stopped going regularly when I got married and move out of Jurong west 4 years back. Been through with me from primary school to secondary school to poly, even army where ..."
nv7bnx,post,BUKIT TIMAH,0.9993,0.155,0.03,0.815,amenities,2021-06,2021-06-08 23:54:16,"My â€œBest of Singaporeâ€ list after trying a different restaurant every week for a year Iâ€™ve been living in Singapore for the past year (arrived in March 2020, and leaving for good in 2 months) and had the chance to really try out the food scene (mostly international) that Singapore has to offer.

Bef..."
nv7bnx,post,BUKIT BATOK,0.9993,0.155,0.03,0.815,amenities,2021-06,2021-06-08 23:54:16,"My â€œBest of Singaporeâ€ list after trying a different restaurant every week for a year Iâ€™ve been living in Singapore for the past year (arrived in March 2020, and leaving for good in 2 months) and had the chance to really try out the food scene (mostly international) that Singapore has to offer.

Bef..."
nv7bnx,post,WOODLANDS,0.9993,0.155,0.03,0.815,amenities,2021-06,2021-06-08 23:54:16,"My â€œBest of Singaporeâ€ list after trying a different restaurant every week for a year Iâ€™ve been living in Singapore for the past year (arrived in March 2020, and leaving for good in 2 months) and had the chance to really try out the food scene (mostly international) that Singapore has to offer.

Bef..."
h128p9p,comment,BUKIT TIMAH,0.9993,0.17,0.035,0.795,amenities,2021-06,2021-06-09 02:59:31,"Reformatted.

> ## Hawker/Local food $
>
> - Hawker Chan - really good QQ noodles (skip the char xiu and ask for roasted chicken thigh and xiu yuk) 
> - Tian Tian Chicken Rice @ Maxwell Food Court (my brother likes it) 
> - Song Fa Bak Kut Teh (would call it white pepper soup rather than BKT but sti..."
h128p9p,comment,BUKIT BATOK,0.9993,0.17,0.035,0.795,amenities,2021-06,2021-06-09 02:59:31,"Reformatted.

> ## Hawker/Local food $
>
> - Hawker Chan - really good QQ noodles (skip the char xiu and ask for roasted chicken thigh and xiu yuk) 
> - Tian Tian Chicken Rice @ Maxwell Food Court (my brother likes it) 
> - Song Fa Bak Kut Teh (would call it white pepper soup rather than BKT but sti..."
h128p9p,comment,WOODLANDS,0.9993,0.17,0.035,0.795,amenities,2021-06,2021-06-09 02:59:31,"Reformatted.

> ## Hawker/Local food $
>
> - Hawker Chan - really good QQ noodles (skip the char xiu and ask for roasted chicken thigh and xiu yuk) 
> - Tian Tian Chicken Rice @ Maxwell Food Court (my brother likes it) 
> - Song Fa Bak Kut Teh (would call it white pepper soup rather than BKT but sti..."
gdqak4d,comment,TOA PAYOH,0.4753,0.279,0.0,0.721,general,2020-11,2020-11-27 11:12:14,Was this taken from Toa Payoh/Caldecott area? Nice video!
iymsiu,post,WOODLANDS,0.0,0.0,0.0,1.0,general,2020-09,2020-09-24 08:51:12,Armin Aminâ€™s visit to Woodlands Interchange 
g6dluqa,comment,SENGKANG,0.8842,0.378,0.087,0.535,general,2020-09,2020-09-24 09:48:06,"LMAO glad he's taking things in good spirits - been hearing a lot of good things about him, genuine shame that he got deployed in Sengkang"
d3zkix,post,TAMPINES,0.5719,0.425,0.0,0.575,general,2019-09,2019-09-14 10:40:54,Wonderful view outside my window (Tampines) 
m1mlag5,comment,PASIR RIS,0.0772,0.159,0.14,0.701,convenience,2024-12,2024-12-12 09:56:21,I remember how towns like Pasir Ris have their own unique bus stop design
z0kjky,post,BEDOK,0.0,0.0,0.0,1.0,general,2022-11,2022-11-21 08:41:10,"Am I in Bedok, Ponggol or Hougang? "
z0kjky,post,HOUGANG,0.0,0.0,0.0,1.0,general,2022-11,2022-11-21 08:41:10,"Am I in Bedok, Ponggol or Hougang? "
ix68tk6,comment,BEDOK,0.0772,0.045,0.036,0.919,amenities,2022-11,2022-11-21 09:37:21,"This is Hougang, but it's the bit of Hougang that doesn't belong to Hougang SMC.

It's part of Aljuined GRC. Aljuined GRC reaches across Paya Lebar Airbase and over to Bedok.

Most of the wards in Aljuined GRC make sense. But the bits of Bedok and the bits of Hougang that belong to the GRC are too s..."
ix68tk6,comment,PUNGGOL,0.0772,0.045,0.036,0.919,amenities,2022-11,2022-11-21 09:37:21,"This is Hougang, but it's the bit of Hougang that doesn't belong to Hougang SMC.

It's part of Aljuined GRC. Aljuined GRC reaches across Paya Lebar Airbase and over to Bedok.

Most of the wards in Aljuined GRC make sense. But the bits of Bedok and the bits of Hougang that belong to the GRC are too s..."
ix68tk6,comment,HOUGANG,0.0772,0.045,0.036,0.919,amenities,2022-11,2022-11-21 09:37:21,"This is Hougang, but it's the bit of Hougang that doesn't belong to Hougang SMC.

It's part of Aljuined GRC. Aljuined GRC reaches across Paya Lebar Airbase and over to Bedok.

Most of the wards in Aljuined GRC make sense. But the bits of Bedok and the bits of Hougang that belong to the GRC are too s..."
ix62djo,comment,BEDOK,-0.5574,0.0,0.057,0.943,property,2022-11,2022-11-21 08:46:02,"It is the year 2069.

Record ponding across Singapore has led to the Bedok reservoir expanding into Punggol. The underwater otter colonies now cover 20% of Singapore.

Residents fleeing the Hougang gang wars have been evacuated to the buffer zone. All refugees are to report to the temporary Hougang ..."
ix62djo,comment,PUNGGOL,-0.5574,0.0,0.057,0.943,property,2022-11,2022-11-21 08:46:02,"It is the year 2069.

Record ponding across Singapore has led to the Bedok reservoir expanding into Punggol. The underwater otter colonies now cover 20% of Singapore.

Residents fleeing the Hougang gang wars have been evacuated to the buffer zone. All refugees are to report to the temporary Hougang ..."
ix62djo,comment,HOUGANG,-0.5574,0.0,0.057,0.943,property,2022-11,2022-11-21 08:46:02,"It is the year 2069.

Record ponding across Singapore has led to the Bedok reservoir expanding into Punggol. The underwater otter colonies now cover 20% of Singapore.

Residents fleeing the Hougang gang wars have been evacuated to the buffer zone. All refugees are to report to the temporary Hougang ..."
huxdo4d,comment,PASIR RIS,0.0,0.0,0.0,1.0,convenience,2022-01,2022-01-31 08:26:33,Just meet on mrt. Joo koon to pasir ris and back
hyljex,post,SENGKANG,0.0,0.0,0.0,1.0,general,2020-07,2020-07-27 12:27:45,General Elections in Sengkang GRC (c. 2020) 
fzdm71n,comment,SENGKANG,-0.0688,0.128,0.132,0.739,general,2020-07,2020-07-27 13:46:54,"Personally I think PAP will never be able to flip a GRC back after it's been lost once. Sending someone important to contest Hougang sounds suicidal, and sending someone inportant to contest Sengkang seems too risky either. So it'll just perpetuate sending nobodies to contest WP areas, and they'll n..."
fzdm71n,comment,HOUGANG,-0.0688,0.128,0.132,0.739,general,2020-07,2020-07-27 13:46:54,"Personally I think PAP will never be able to flip a GRC back after it's been lost once. Sending someone important to contest Hougang sounds suicidal, and sending someone inportant to contest Sengkang seems too risky either. So it'll just perpetuate sending nobodies to contest WP areas, and they'll n..."
vngyho,post,HOUGANG,0.5106,0.398,0.0,0.602,general,2022-06,2022-06-29 22:20:54,The force is strong in Hougang 
fl2y69e,comment,BISHAN,-0.5859,0.029,0.043,0.928,convenience,2020-03,2020-03-21 11:57:52,"Details here: https://www.channelnewsasia.com/news/singapore/coronavirus-covid-19-gan-kim-yong-12563036

R.I.P.

>The first patient was a 75-year-old female Singapore Citizen. She was admitted to the National Centre for Infectious Diseases (NCID) on 23 February for pneumonia, and was confirmed to ha..."
nywb01,post,SENGKANG,0.0,0.0,0.0,1.0,general,2021-06,2021-06-13 21:27:04,"Sengkang cat, Me, Digital, 2019. "
f1744z,post,PASIR RIS,0.0,0.0,0.0,1.0,amenities,2020-02,2020-02-09 18:46:28,Pasir ris park after the rain. 
fh2de2y,comment,PASIR RIS,0.7712,0.378,0.0,0.622,general,2020-02,2020-02-09 19:24:01,"East side best side. See lar, Pasir Ris don't only have virus ok!"
16608bp,post,WOODLANDS,-0.6124,0.03,0.158,0.812,convenience,2023-08,2023-08-31 11:51:19,Affected parents of Kinderland Woodlands Martâ€™s statement Saw this in the Childcare FB group and the affected parents have released this statement ðŸ˜® I guess they had to release this after the school had lied when they said theyâ€™ve reached out to the affected parentsâ€¦
z86gmc,post,TAMPINES,0.0,0.0,0.0,1.0,general,2022-11,2022-11-30 05:16:50,Shot this photo in Tampines (2016). 
iya06by,comment,YISHUN,0.0,0.0,0.0,1.0,amenities,2022-11,2022-11-30 05:20:29,"The peak of the Trumpet Tree or Pink Poui blooms usually occur during April and September. During this period, some places where one can head to see the blooms include, Bishan park, Robertson Quay, Tampines (Sunplaza Park), Ulu Pandan park connector, Yishun park and many others. Instagram: @ ylint"
iya06by,comment,BISHAN,0.0,0.0,0.0,1.0,amenities,2022-11,2022-11-30 05:20:29,"The peak of the Trumpet Tree or Pink Poui blooms usually occur during April and September. During this period, some places where one can head to see the blooms include, Bishan park, Robertson Quay, Tampines (Sunplaza Park), Ulu Pandan park connector, Yishun park and many others. Instagram: @ ylint"
iya06by,comment,TAMPINES,0.0,0.0,0.0,1.0,amenities,2022-11,2022-11-30 05:20:29,"The peak of the Trumpet Tree or Pink Poui blooms usually occur during April and September. During this period, some places where one can head to see the blooms include, Bishan park, Robertson Quay, Tampines (Sunplaza Park), Ulu Pandan park connector, Yishun park and many others. Instagram: @ ylint"
iyay5u6,comment,TAMPINES,0.4404,0.293,0.0,0.707,general,2022-11,2022-11-30 09:21:29,I hope Tampines still has that many trees today.
1arb9y4,post,TOA PAYOH,0.8343,0.194,0.0,0.806,convenience,2024-02,2024-02-15 16:59:45,"Value store Since moving to Toa Payoh, I've frequented the value store opposite NTUC outside the MRT station basement. The price difference between this store and NTUC is astonishing, sometimes reaching 100 percent for certain items. 

What could explain such a significant gap? Do you feel ripped of..."
1ajef3r,post,QUEENSTOWN,0.5307,0.117,0.092,0.791,property,2024-02,2024-02-05 19:33:01,"Why do so many people desire to get a condo? I donâ€™t get it, you pay maintenance/MCST. You have so much debt you feel like dying if you suddenly lose your job. 

4 room HDB in Central Area with long lease at most 1mil (Telok Blangah/Queenstown/Redhill)

3 room condo in the same areas even those 10 y..."
1ajef3r,post,CENTRAL AREA,0.5307,0.117,0.092,0.791,property,2024-02,2024-02-05 19:33:01,"Why do so many people desire to get a condo? I donâ€™t get it, you pay maintenance/MCST. You have so much debt you feel like dying if you suddenly lose your job. 

4 room HDB in Central Area with long lease at most 1mil (Telok Blangah/Queenstown/Redhill)

3 room condo in the same areas even those 10 y..."
1cbhxly,post,BUKIT MERAH,0.7903,0.102,0.022,0.877,property,2024-04,2024-04-24 06:25:21,"PSA. It possible to Buy & Rent Resale HDB without agent. I bought my resale 4 room HDB in 2022 at Jalan Bukit merah without agent and did all the paperwork with my lawyer. It an interesting experience and not as hard as one think. Saving amount to close to 10k for 620k property.

Last year, I try re..."
m8irvxv,comment,SEMBAWANG,0.5129,0.104,0.0,0.896,general,2025-01,2025-01-22 19:47:48,"Some developers like bukit semabwang use their own in house sales team to push for their units... That is why whenever there is a new development by bukit sembawang, agents will black mouth the development cos they don't get a cut."
iloz9ok,comment,BUKIT TIMAH,0.9603,0.24,0.036,0.724,convenience,2022-08,2022-08-25 12:32:39,"Genuine question about why CCK is priced so low? 

I'm living in the west so might have bias but seems like a pretty nice place to live in. 

It's relatively connected with buses to town that can reach within 30min,(190), LRT that is an alternative to go faster when the bus traffic is heavy. It's ne..."
qzma50,post,HOUGANG,0.9364,0.12,0.01,0.87,property,2021-11,2021-11-22 22:11:58,"Why are people willing to pay so much for BTOs in prime areas? For instance, the 4-room flat in the Hougang project for the current launch is around 250k cheaper than the Rochor one. In fact, the Hougang one is also bigger by almost 10 square meters.

To me, $250k savings represents a car, better re..."
hlnmr9d,comment,QUEENSTOWN,-0.5284,0.092,0.1,0.808,convenience,2021-11,2021-11-23 00:46:08,"Having rented two flats in that area, both times when moving flats (older Bugis flats) and now in a â€œprime but not CBDâ€ area, I can assure you that itâ€™s really so bloody convenient, especially if youâ€™re a â€œcity personâ€. I remember that I could just walk to Raffles Place to meet my mom for lunch, the..."
hlnmr9d,comment,BISHAN,-0.5284,0.092,0.1,0.808,convenience,2021-11,2021-11-23 00:46:08,"Having rented two flats in that area, both times when moving flats (older Bugis flats) and now in a â€œprime but not CBDâ€ area, I can assure you that itâ€™s really so bloody convenient, especially if youâ€™re a â€œcity personâ€. I remember that I could just walk to Raffles Place to meet my mom for lunch, the..."
hlnmr9d,comment,HOUGANG,-0.5284,0.092,0.1,0.808,convenience,2021-11,2021-11-23 00:46:08,"Having rented two flats in that area, both times when moving flats (older Bugis flats) and now in a â€œprime but not CBDâ€ area, I can assure you that itâ€™s really so bloody convenient, especially if youâ€™re a â€œcity personâ€. I remember that I could just walk to Raffles Place to meet my mom for lunch, the..."
1i67tw6,post,CLEMENTI,0.9837,0.127,0.01,0.863,convenience,2025-01,2025-01-21 10:06:56,"Single Resale Flat Process Just want to share my experience. 
HDB 5bedroom, 45year old flat, 1350sqft, Jurong. 470k
I am single and dont intend to get married. 

I was looking at clementi at that time, similar old flat but at that time selling at 600k - 800k average 1000 sqft. I told myself if i rea..."
m8a5bio,comment,JURONG WEST,-0.2263,0.066,0.11,0.824,property,2025-01,2025-01-21 10:38:47,"Wah which part of jurong? I've been looking at old jurong west and 3rm average 400k. 

5rm at 470k is a crazy good price.

Edit: oh I just looked at the dates. Crazy how much prices go up after 10 months."
m8ajttq,comment,BUKIT PANJANG,0.8997,0.297,0.0,0.703,property,2025-01,2025-01-21 12:00:13,"That's a really fantastic price. My parents let go of their rundown 3 room flat at Bukit Panjang for $400k last year that requires extensive renovation.

 Congratulations on snapping a good deal!"
1f2adcc,post,BUKIT MERAH,0.0,0.0,0.0,1.0,general,2024-08,2024-08-27 14:31:36,3room flat in Bukit Merah sells for $860k 
1hvkb66,post,PUNGGOL,0.9839,0.216,0.012,0.772,convenience,2025-01,2025-01-07 13:22:35,"Studio condo at 30 I have about 130k in savings. About 90k+ total in stocks. 60k+ in CPF.

Feasible to buy a studio condo within the next year or so? Let's say if savings + stock reach 300k total. Will obviously have to liquidate most of my stocks, but am willing to trade off financial efficiency to..."
jrdbvid,comment,BEDOK,0.9505,0.078,0.027,0.894,convenience,2023-07,2023-07-10 13:40:45,"A resale flat with 55 years left is built in 1979. If you go look at the properties listed, what is 4 room + <450k will give you places like amk, Jurong West, bedok - not sure on rental yield. Also, not many flat available.

If the flat has not changed hands, it will have 40yo renovations. Which mea..."
jrdbvid,comment,JURONG WEST,0.9505,0.078,0.027,0.894,convenience,2023-07,2023-07-10 13:40:45,"A resale flat with 55 years left is built in 1979. If you go look at the properties listed, what is 4 room + <450k will give you places like amk, Jurong West, bedok - not sure on rental yield. Also, not many flat available.

If the flat has not changed hands, it will have 40yo renovations. Which mea..."
17668zv,post,BEDOK,0.9902,0.126,0.065,0.809,convenience,2023-10,2023-10-12 20:51:36,"Help - 600k HDB vs 1.1m Condo - 30m/30f Hey dear Singaporefi peeps!

I would like to hear your constructive criticism and suggestions because frankly speaking I've spoken to 4 property agents (referrals, friends) and they all seem to be hard-selling me the 1.1m condo idea and say that HDB resale is ..."
1cmd77n,post,TAMPINES,0.9612,0.075,0.017,0.908,convenience,2024-05,2024-05-07 22:26:03,"Are the days of ""just buy, property only goes up"" not true for smaller condos? Was debating the age old ""rent v buy"" question as I'm still 3+ years from 35. Many have advised me to just buy as ""property never goes down"". So i've been looking at mainly 2 room condos for personal stay.

  
Naturally, ..."
1f30rqr,post,YISHUN,0.9894,0.131,0.082,0.787,amenities,2024-08,2024-08-28 11:49:17,"No savings in SSB or Fixed Deposit or Cash. All invested in ETFs, 125k Portfolio Value Hi Fellow Singaporeans,

I am the sole bread winner for family(Wife and 2 kids aged 7 and 2), 38M with no savings apart from CPF 100k OA+SA+Medisave.

Salary around 10k, but expenses is almost or even more that 10..."
172qge4,post,CENTRAL AREA,0.9041,0.131,0.088,0.781,property,2023-10,2023-10-08 12:48:28,"35yo , HDB or Condo Hi guys, just need some advice here. I have reached the milestone age of 35yo and now have the choice to get either a hdb or a condo but am in a dilemma. It will be my first property purchase. 

Personally, iâ€™ve always wanted to get a condo 1 or 2 bedder outside city area (iâ€™m cu..."
1g370ti,post,TAMPINES,-0.1043,0.05,0.047,0.903,property,2024-10,2024-10-14 11:22:45,"Selling Fully paid off HDB to Mum for $1 Hi all - appreciate advise from anyone with similar experience.

we wish to move mom from Jurong to Tampines to be closer to us.

Given her age and income, any form of loan is out of reach to her. Hence, our plan is to sell our current flat in Tampines (fully..."
l9vriuu,comment,CLEMENTI,0.4215,0.052,0.0,0.948,property,2024-06,2024-06-23 17:35:35,"Many people doing that alr lol, you see how many HDBs fully rented out, owners all living overseas.

My friend's renting a HDB at clementi, individual rooms. 2x common room 1.1k (cheap alr). Master 1.5k

Total almost 4k, owners only return to sg once a year to check and see see then zao again."
1dyuko5,post,QUEENSTOWN,-0.163,0.028,0.035,0.938,property,2024-07,2024-07-09 13:29:42,Is housing affordable in Singapore? Just saw the Reddit thread of resale prices inching 1.8% upwards with an uptick of million dollar flats. Seems like the commentators did not read the article because it stated 100 > million dollar units out of 2184 resale transactions volume. That's 4.5%. Should t...
1dyuko5,post,JURONG EAST,-0.163,0.028,0.035,0.938,property,2024-07,2024-07-09 13:29:42,Is housing affordable in Singapore? Just saw the Reddit thread of resale prices inching 1.8% upwards with an uptick of million dollar flats. Seems like the commentators did not read the article because it stated 100 > million dollar units out of 2184 resale transactions volume. That's 4.5%. Should t...
uofzvs,post,SERANGOON,0.7269,0.066,0.0,0.934,amenities,2022-05,2022-05-13 09:03:08,"Is spending 950 on rent too much? So I'm fresh graduate going to start work in Singapore. My salary is SGD 2700 + SGD 6 transportation allowance per day.

My workplace is 4 mins walk from city hall MRT. I have another 2 friends going to Sg as well but I'll have to wait for them to rent a whole unit,..."
lgw5ij4,comment,PASIR RIS,0.9777,0.153,0.082,0.765,convenience,2024-08,2024-08-07 12:55:58,"Ok, first, chill. If you have an open conversation with other undergrad, youâ€™ll realise many of us go through university WITH debt.

Iâ€™m not sure the loan youâ€™re taking, if youâ€™re in local U, you can loan up to 90% interest free till 3/6 months after graduation. But different story for private U.  
..."
idocu4z,comment,QUEENSTOWN,0.3612,0.151,0.116,0.733,general,2022-06,2022-06-25 19:26:06,"Did you only apply for super hot projects like Tiong Bahru, Kallang, Bugis, Queenstown? I find it hard to believe that an (assumedly) 1st time applicant would fail for 9 years if you'd applied for every cycle"
m6qmy2e,comment,CENTRAL AREA,0.0374,0.083,0.082,0.835,property,2025-01,2025-01-12 21:18:37,"Hdbs are already that price esp around Central Area for those big resale flats. By 2027/2028 it will probably only be higher as there is shortage. People are paying 1 million for 1980 houses. Simply put they donâ€™t care about the age. Life is short, live in a big and good location while you are young..."
16lnqws,post,CENTRAL AREA,0.6932,0.106,0.038,0.856,property,2023-09,2023-09-18 14:24:02,"Thoughts on buying old condo in your 30s? Found a beautiful apartment in Central area going for 1.2mil but it only has 55 years left on the lease. We are both in our 30s, have a combined income of about 12k per month, and live quite simply. No major/urgent plans to have kids, and we can see ourselve..."
lqamcyd,comment,QUEENSTOWN,0.2682,0.054,0.051,0.894,property,2024-10,2024-10-04 21:06:03,"was in similar situation couple of years back, went ahead bought a small condo for investment, as Iâ€™m SC and on good terms with family (for family reasons also canâ€™t move out). I was earning more though and had more downpayment.

The reason I went ahead instead of waiting for 35 was because like you..."
lqamcyd,comment,WOODLANDS,0.2682,0.054,0.051,0.894,property,2024-10,2024-10-04 21:06:03,"was in similar situation couple of years back, went ahead bought a small condo for investment, as Iâ€™m SC and on good terms with family (for family reasons also canâ€™t move out). I was earning more though and had more downpayment.

The reason I went ahead instead of waiting for 35 was because like you..."
1bhfl4j,post,BUKIT BATOK,0.9654,0.094,0.045,0.861,property,2024-03,2024-03-18 10:07:52,"How should I repay my future spouse for HDB loan? Hi,

My gf and I (33M & 35F) are planning to get married end of this year. The thing is she bought a 4 room HDB under the single scheme beginning of this year after she hit 35. The HDB costs about $500K and she took a $400K loan from HDB and the rema..."
